<application>
  <component name="CodeInsightSettings">
    <option name="REFORMAT_ON_PASTE" value="1" />
    <option name="INDENT_TO_CARET_ON_PASTE" value="true" />
  </component>
  <component name="DaemonCodeAnalyzerSettings">
    <option name="AUTOREPARSE_DELAY" value="0" />
  </component>
  <component name="EditorSettings">
    <option name="STRIP_TRAILING_SPACES" value="Whole" />
    <option name="IS_ENSURE_NEWLINE_AT_EOF" value="true" />
    <option name="IS_RIGHT_MARGIN_SHOWN" value="false" />
  </component>
  <component name="InlayHintsSettings">
    <option name="disabledHintProviderIds">
      <set>
        <option value="TypeScript.ts.type.hints" />
      </set>
    </option>
  </component>
  <component name="TodoConfiguration">
    <pattern pattern="\btodo\b.*" />
    <pattern pattern="\bfixme\b.*" />
    <pattern useCustomColors="true" pattern="\bImpt\b.*">
      <option name="FOREGROUND" value="70ffb3" />
      <option name="FONT_TYPE" value="2" />
    </pattern>
    <pattern useCustomColors="true" pattern="guide">
      <option name="FOREGROUND" value="8effa4" />
      <option name="FONT_TYPE" value="3" />
    </pattern>
    <pattern useCustomColors="true" pattern="Typescript">
      <option name="FOREGROUND" value="269aff" />
      <option name="FONT_TYPE" value="3" />
    </pattern>
    <pattern useCustomColors="true" pattern="React">
      <option name="FOREGROUND" value="47daff" />
      <option name="FONT_TYPE" value="3" />
      <option name="EFFECT_TYPE" value="5" />
    </pattern>
    <pattern useCustomColors="true" pattern="React Router">
      <option name="FOREGROUND" value="7ef8ff" />
      <option name="FONT_TYPE" value="2" />
    </pattern>
    <pattern useCustomColors="true" pattern="Solution">
      <option name="FOREGROUND" value="9cff9e" />
      <option name="FONT_TYPE" value="3" />
    </pattern>
    <pattern useCustomColors="true" pattern="JS">
      <option name="FOREGROUND" value="ffe976" />
      <option name="FONT_TYPE" value="3" />
    </pattern>
    <pattern useCustomColors="true" pattern="Problem">
      <option name="FOREGROUND" value="ff8870" />
      <option name="FONT_TYPE" value="3" />
    </pattern>
    <pattern useCustomColors="true" pattern="Syntax">
      <option name="FOREGROUND" value="ffe9ee" />
      <option name="FONT_TYPE" value="3" />
    </pattern>
    <pattern useCustomColors="true" pattern="Redux">
      <option name="FOREGROUND" value="d68fff" />
      <option name="FONT_TYPE" value="3" />
    </pattern>
    <pattern useCustomColors="true" pattern="lexical">
      <option name="FOREGROUND" value="ffa35a" />
      <option name="FONT_TYPE" value="3" />
    </pattern>
    <pattern useCustomColors="true" pattern="Axios">
      <option name="FOREGROUND" value="ff563a" />
      <option name="FONT_TYPE" value="3" />
    </pattern>
    <pattern useCustomColors="true" pattern="JWT">
      <option name="FOREGROUND" value="92ebff" />
      <option name="FONT_TYPE" value="3" />
    </pattern>
  </component>
</application>