<application>
  <component name="GeneralSettings">
    <option name="showTipsOnStartup" value="false" />
    <option name="confirmOpenNewProject2" value="-1" />
  </component>
  <component name="Registry">
    <entry key="typescript.external.type.definitions.packages" value="express,lodash,mocha,chai,jasmine,react-dom,jest,styled-components,react-native" />
    <entry key="ide.balloon.shadow.size" value="0" />
    <entry key="ide.experimental.ui" value="false" />
    <entry key="debugger.new.tool.window.layout" value="false" />
    <entry key="idea.plugins.compatible.build" value="" />
  </component>
</application>