<keymap version="1" name="Windows copy Proper Redo" parent="$default">
  <action id="$Redo">
    <keyboard-shortcut first-keystroke="shift ctrl z" />
    <keyboard-shortcut first-keystroke="shift alt back_space" />
    <keyboard-shortcut first-keystroke="ctrl y" />
  </action>
  <action id="ActivateRunToolWindow" />
  <action id="Back">
    <mouse-shortcut keystroke="button4" />
  </action>
  <action id="ChangesView.ShelveSilently" />
  <action id="CloseContent">
    <keyboard-shortcut first-keystroke="alt 4" />
  </action>
  <action id="CompareTwoFiles" />
  <action id="Diff.ShowDiff" />
  <action id="EditorBackwardParagraph">
    <keyboard-shortcut first-keystroke="ctrl up" />
  </action>
  <action id="EditorCodeBlockEndWithSelection" />
  <action id="EditorCodeBlockStartWithSelection" />
  <action id="EditorDeleteLine" />
  <action id="EditorDown">
    <keyboard-shortcut first-keystroke="alt j" />
  </action>
  <action id="EditorDuplicate" />
  <action id="EditorForwardParagraph">
    <keyboard-shortcut first-keystroke="ctrl down" />
  </action>
  <action id="EditorLeft" />
  <action id="EditorLineEnd">
    <keyboard-shortcut first-keystroke="ctrl alt right" />
  </action>
  <action id="EditorLineEndWithSelection">
    <keyboard-shortcut first-keystroke="shift ctrl alt right" />
  </action>
  <action id="EditorLineStart">
    <keyboard-shortcut first-keystroke="ctrl alt left" />
  </action>
  <action id="EditorLineStartWithSelection">
    <keyboard-shortcut first-keystroke="shift ctrl alt left" />
  </action>
  <action id="EditorLookupDown" />
  <action id="EditorLookupUp" />
  <action id="EditorRight" />
  <action id="EditorScrollDown" />
  <action id="EditorScrollUp" />
  <action id="EditorUp">
    <keyboard-shortcut first-keystroke="alt k" />
  </action>
  <action id="FileChooser.GotoDesktop" />
  <action id="FindPrevious">
    <keyboard-shortcut first-keystroke="shift f3" />
  </action>
  <action id="Forward">
    <mouse-shortcut keystroke="button5" />
  </action>
  <action id="Graph.AlignNodes.Left" />
  <action id="Graph.DistributeNodes.Horizontally" />
  <action id="MethodHierarchy" />
  <action id="MethodHierarchy.BaseOnThisMethod" />
  <action id="MethodOverloadSwitchDown" />
  <action id="MethodOverloadSwitchUp" />
  <action id="MoveElementLeft" />
  <action id="MoveElementRight" />
  <action id="MoveLineDown">
    <keyboard-shortcut first-keystroke="shift alt down" />
    <keyboard-shortcut first-keystroke="shift alt j" />
  </action>
  <action id="MoveLineUp">
    <keyboard-shortcut first-keystroke="shift alt up" />
    <keyboard-shortcut first-keystroke="shift alt k" />
  </action>
  <action id="NextSplitter">
    <keyboard-shortcut first-keystroke="shift ctrl l" />
  </action>
  <action id="NextTab">
    <keyboard-shortcut first-keystroke="alt l" />
  </action>
  <action id="PopupMenu-selectNext" />
  <action id="PrevSplitter">
    <keyboard-shortcut first-keystroke="shift ctrl h" />
  </action>
  <action id="PreviousTab">
    <keyboard-shortcut first-keystroke="alt h" />
  </action>
  <action id="RenameElement">
    <keyboard-shortcut first-keystroke="shift ctrl r" />
  </action>
  <action id="ReplaceInPath" />
  <action id="ResizeToolWindowLeft" />
  <action id="ResizeToolWindowRight" />
  <action id="Run">
    <keyboard-shortcut first-keystroke="shift f10" />
    <keyboard-shortcut first-keystroke="f10" />
  </action>
  <action id="RunDashboard.CopyConfiguration" />
  <action id="SearchEverywhere.NavigateToNextGroup">
    <keyboard-shortcut first-keystroke="page_down" />
  </action>
  <action id="SearchEverywhere.NavigateToPrevGroup">
    <keyboard-shortcut first-keystroke="page_up" />
  </action>
  <action id="SelectNextOccurrence">
    <keyboard-shortcut first-keystroke="ctrl d" />
  </action>
  <action id="SendEOF" />
  <action id="TableResult.UnselectPreviousOccurrence" />
  <action id="Tree-selectNext" />
  <action id="UnselectPreviousOccurrence" />
  <action id="XDebugger.CopyWatch" />
  <action id="copilot.disposeInlays" />
</keymap>