<keymap version="1" name="Windows Proper Redo" parent="$default">
  <action id="$Redo">
    <keyboard-shortcut first-keystroke="shift ctrl z" />
    <keyboard-shortcut first-keystroke="shift alt back_space" />
    <keyboard-shortcut first-keystroke="ctrl y" />
  </action>
  <action id="ActivateBookmarksToolWindow" />
  <action id="ActivateRunToolWindow" />
  <action id="Android.Designer.PreviousDevice" />
  <action id="Back">
    <mouse-shortcut keystroke="button4" />
  </action>
  <action id="CloseContent">
    <keyboard-shortcut first-keystroke="alt 4" />
  </action>
  <action id="CompareTwoFiles" />
  <action id="Debug">
    <keyboard-shortcut first-keystroke="f9" />
  </action>
  <action id="Diff.ShowDiff" />
  <action id="EditorBackwardParagraph">
    <keyboard-shortcut first-keystroke="ctrl up" />
  </action>
  <action id="EditorBackwardParagraphWithSelection">
    <keyboard-shortcut first-keystroke="shift ctrl up" />
  </action>
  <action id="EditorCodeBlockEnd" />
  <action id="EditorCodeBlockStart" />
  <action id="EditorDeleteLine" />
  <action id="EditorDuplicate" />
  <action id="EditorForwardParagraph">
    <keyboard-shortcut first-keystroke="ctrl down" />
  </action>
  <action id="EditorForwardParagraphWithSelection">
    <keyboard-shortcut first-keystroke="shift ctrl down" />
  </action>
  <action id="EditorLineEnd">
    <keyboard-shortcut first-keystroke="ctrl alt right" />
    <keyboard-shortcut first-keystroke="end" />
  </action>
  <action id="EditorLineEndWithSelection">
    <keyboard-shortcut first-keystroke="shift ctrl alt right" />
    <keyboard-shortcut first-keystroke="shift end" />
  </action>
  <action id="EditorLineStart">
    <keyboard-shortcut first-keystroke="ctrl alt left" />
    <keyboard-shortcut first-keystroke="home" />
  </action>
  <action id="EditorLineStartWithSelection">
    <keyboard-shortcut first-keystroke="shift ctrl alt left" />
    <keyboard-shortcut first-keystroke="shift home" />
  </action>
  <action id="EditorLookupDown" />
  <action id="EditorLookupUp" />
  <action id="EditorMatchBrace" />
  <action id="EditorScrollDown" />
  <action id="EditorScrollUp" />
  <action id="EditorTextEnd" />
  <action id="EditorTextStartWithSelection" />
  <action id="FileChooser.GotoDesktop" />
  <action id="Forward">
    <mouse-shortcut keystroke="button5" />
  </action>
  <action id="GoToLastTab">
    <keyboard-shortcut first-keystroke="alt 2" />
  </action>
  <action id="GotoBookmark4" />
  <action id="GuiDesigner.Duplicate" />
  <action id="MethodOverloadSwitchDown" />
  <action id="MethodOverloadSwitchUp" />
  <action id="MoveElementLeft" />
  <action id="MoveElementRight" />
  <action id="MoveStatementDown" />
  <action id="MoveStatementUp" />
  <action id="NavBar-selectHome" />
  <action id="RenameElement">
    <keyboard-shortcut first-keystroke="shift ctrl r" />
  </action>
  <action id="ReplaceInPath" />
  <action id="ResizeToolWindowLeft" />
  <action id="ResizeToolWindowRight" />
  <action id="Resume" />
  <action id="Run">
    <keyboard-shortcut first-keystroke="f10" />
  </action>
  <action id="RunDashboard.CopyConfiguration" />
  <action id="SearchEverywhere.NavigateToNextGroup">
    <keyboard-shortcut first-keystroke="page_down" />
  </action>
  <action id="SearchEverywhere.NavigateToPrevGroup">
    <keyboard-shortcut first-keystroke="page_up" />
  </action>
  <action id="SelectNextOccurrence">
    <keyboard-shortcut first-keystroke="ctrl d" />
  </action>
  <action id="SendEOF" />
  <action id="XDebugger.CopyWatch" />
</keymap>